{
    "mean": 11.638709677419355,
    "std": 3.1928021285137342
}